name,lat,lng,region,technologies,profile_url,website,principal_supporter
100Green,51.812437,-0.034811,East of England,Energy Efficiency; Heat; Hydro; Solar PV; Storage; Wind,https://communityenergyengland.org/member/100green/,https://100greencommunities.com/,
Abbotts Ann Community Land Trust,51.189447,-1.531056,South East,Electric Vehicles; Energy Efficiency; Heat; Hydro; Solar PV; Storage; Wind,https://communityenergyengland.org/member/abbotts-ann-community-land-trust/,https://aaclt.abbottsann.com/,
Acocks Greener,52.4506,-1.816492,West Midlands,Electric Vehicles; Energy Efficiency; Solar PV; Storage,https://communityenergyengland.org/member/acocks-greener/,https://www.facebook.com/groups/acocksgreener/,
Acomb Community Energy,54.993025,-2.107713,North East,Solar PV,https://communityenergyengland.org/member/acomb-community-energy/,,
Adalta Energy,51.8963993,-2.1702136,South West,Electric Vehicles; Energy Efficiency; Heat; Hydro; Solar PV; Storage; Wind,https://communityenergyengland.org/member/adalta-energy/,https://www.adaltaenergy.co.uk,yes
Advocates For International Development (A4ID),51.531861,-0.057026,London,Electric Vehicles; Energy Efficiency; Heat; Hydro; Solar PV; Storage; Wind,https://communityenergyengland.org/member/advocates-for-international-development-a4id/,https://a4id.org/,
Alban Community Energy,51.720074,-0.335036,,Energy Efficiency; Solar PV; Storage,https://communityenergyengland.org/member/alban-community-energy/,https://albancommunityenergy.org,
Aldgate Solar Power,51.464707,-0.115079,London,Solar PV,https://communityenergyengland.org/member/aldgate-solar-power/,https://www.repowering.org.uk/aldgate-solar-power/,
Alentis,53.304934,-2.219562,North West,Solar PV; Storage; Wind,https://communityenergyengland.org/member/alentis/,https://alentisenergy.com,
Ashden,51.495878,-0.142867,London,Demand Side & Flexibility; Energy Efficiency; Heat; Hydro; Solar PV; Storage; Wind,https://communityenergyengland.org/member/ashden/,https://ashden.org/,
Ashford Borough Council,51.144648,0.87623,South East,Solar PV,https://communityenergyengland.org/member/ashford-borough-council/,https://www.ashford.gov.uk/,
Ashton Hayes Community Energy,53.217947,-2.744193,North West,Energy Efficiency; Solar PV,https://communityenergyengland.org/member/ashton-hayes-community-energy-2/,http://goingcarbonneutral.co.uk,
Ashwell Parish Council,52.03964,-0.156455,East of England,Demand Side & Flexibility; Electric Vehicles; Energy Efficiency; Heat; Hydro; Solar PV; Storage; Wind,https://communityenergyengland.org/member/ashwell-parish-council/,http://www.ashwell.gov.uk,
Association for Decentralised Energy,51.499255,-0.131837,London,Electric Vehicles; Energy Efficiency; Heat; Solar PV; Storage,https://communityenergyengland.org/member/association-for-decentralised-energy/,https://www.theade.co.uk/,
Avalon Community Energy Ltd,51.214407,-2.638029,South West,Solar PV,https://communityenergyengland.org/member/avalon-community-energy-ltd/,https://avaloncommunityenergy.org.uk/,
Awel Aman Tawe,51.80091,-3.820487,Wales,Electric Vehicles; Solar PV; Wind,https://communityenergyengland.org/member/awel-aman-tawe/,http://awelamantawe.org.uk/,
Banister House Solar,51.549086,-0.046499,London,Solar PV,https://communityenergyengland.org/member/banister-house-solar/,https://www.repowering.org.uk/rooftop-solar/,
Baslow Environment Projects Limited,53.24925,-1.627895,East Midlands,Hydro,https://communityenergyengland.org/member/baslow-environment-projects-limited/,http://www.baslowenvironmentgroup.org/,
Bath and West Community Energy,51.382504,-2.358965,South West,Hydro; Solar PV,https://communityenergyengland.org/member/bath-and-west-community-energy/,http://bwce.coop,
Baywind Energy Co-operative,54.118497,-3.241647,North West,Solar PV; Wind,https://communityenergyengland.org/member/baywind-energy-co-operative-2/,http://baywind.co.uk,
Bedfordshire Climate Change Forum,52.148853,-0.474898,East of England,Electric Vehicles; Solar PV; Storage; Wind,https://communityenergyengland.org/member/bedfordshire-climate-change-forum/,https://bedsclimatechange.wordpress.com/,
Belper Community Energy,53.035146,-1.470174,East Midlands,Solar PV,https://communityenergyengland.org/member/belper-community-energy/,https://www.belpercommunityenergy.org.uk/,
Big Solar Coop,52.713913,-2.752236,West Midlands,Solar PV,https://communityenergyengland.org/member/big-solar-coop/,http://www.bigsolar.coop,
Binbrook Parish Council,53.425104,-0.178317,East Midlands,Wind,https://communityenergyengland.org/member/binbrook-parish-council/,,
Black Butterfly,50.868572,0.552799,South East,Electric Vehicles; Energy Efficiency; Hydro; Solar PV; Storage; Wind,https://communityenergyengland.org/member/black-butterfly/,https://www.blackbutterfly.org.uk/,
Black Country Make CIC,52.590036,-2.108192,West Midlands,Energy Efficiency; Solar PV; Storage; Wind,https://communityenergyengland.org/member/black-country-make-cic/,https://www.bcmake.org/,
Bonsall Energy Group,53.122592,-1.585773,East Midlands,Energy Efficiency; Solar PV; Wind,https://communityenergyengland.org/member/bonsall-energy-group/,https://bonsallenergy.group/,
Bradford Community Energy,53.782581,-1.760258,Yorkshire & The Humber,Solar PV,https://communityenergyengland.org/member/bradford-community-energy/,http://BCEL.org,
Brampton 2 Zero,54.939947,-2.725327,North West,Electric Vehicles; Energy Efficiency; Heat; Solar PV; Storage,https://communityenergyengland.org/member/brampton-2-zero-2/,https://www.brampton2zero.org.uk/,
Brampton and Beyond Energy,54.944175,-2.735129,North West,Heat,https://communityenergyengland.org/member/brampton-and-beyond-energy-2/,http://babenergy.co.uk,
Brendon Energy,51.043362,-3.310482,South West,Solar PV,https://communityenergyengland.org/member/brendon-energy/,http://brendonenergy.org/,
Brent Pure Energy,51.536516,-0.207643,London,Solar PV,https://communityenergyengland.org/member/brent-pure-energy/,http://www.brentpureenergy.org.uk,
Bridge Hydro,51.586952,-0.777254,London,Hydro,https://communityenergyengland.org/member/bridge-hydro/,http://www.bridgehydro.co.uk/,
Bright Renewables,51.485973,-0.118365,London,Solar PV,https://communityenergyengland.org/member/bright-renewables/,https://brightrenewables.co.uk/,
Brighton and Hove Energy Services,50.820853,-0.140951,South East,Energy Efficiency; Heat; Solar PV,https://communityenergyengland.org/member/brighton-and-hove-energy-services/,http://bhesco.co.uk,
Brighton Energy Cooperative,50.825696,-0.152544,South East,Electric Vehicles; Solar PV,https://communityenergyengland.org/member/brighton-energy-cooperative/,http://brightonenergy.org.uk,
Bristol Energy Cooperative,51.45256,-2.588081,South West,Solar PV,https://communityenergyengland.org/member/bristol-energy-cooperative/,http://bristolenergy.coop,
Bristol Energy Network,51.46137,-2.58841,South West,Energy Efficiency,https://communityenergyengland.org/member/bristol-energy-network/,http://bristolenergynetwork.org,
British Hydropower Association,50.906839,-2.027619,South West,Hydro,https://communityenergyengland.org/member/british-hydropower-association/,http://www.british-hydro.org/,
Brixton Energy Solar,51.464707,-0.115079,London,Solar PV,https://communityenergyengland.org/member/brixton-energy-solar/,https://brixtonenergy.co.uk/projects/our-first-project/,
Buckinghamshire Community Energy Ltd.,51.791496,-0.799826,South East,Electric Vehicles; Energy Efficiency; Solar PV,https://communityenergyengland.org/member/buckinghamshire-community-energy-ltd/,https://buckscommunityenergy.org/,
Burlington Retrofit C.I.C.,50.619696,-1.956361,South West,Energy Efficiency,https://communityenergyengland.org/member/burlington-retrofit-c-i-c/,,
Burneside Community Energy,54.351111,-2.767038,North West,Solar PV,https://communityenergyengland.org/member/burneside-community-energy-2/,https://bce.org.uk/,
Burnham and Weston Energy CIC,50.254941,-5.194667,,Energy Efficiency; Solar PV,https://communityenergyengland.org/member/burnham-and-weston-energy-cic/,https://www.burnhamandwestonenergy.co.uk/,
Buzz Community Energy,51.915979,-0.665665,East of England,Energy Efficiency; Solar PV,https://communityenergyengland.org/member/buzz-community-energy/,https://buzzcommunityenergy.co.uk/,
CAG Consultants,,,South East,,https://communityenergyengland.org/member/cag-consultants/,https://cagconsultants.co.uk/,
Cambridgeshire Climate Emergency,52.214148,0.139063,East of England,Electric Vehicles; Energy Efficiency; Heat; Solar PV; Storage; Wind,https://communityenergyengland.org/member/cambridgeshire-climate-emergency/,https://camemergency.org,
Cambridgeshire Community Energy Society Limited,54.118497,-3.241647,,Energy Efficiency; Solar PV,https://communityenergyengland.org/member/cambridgeshire-community-energy-society-limited/,https://cambridgeshirecommunityenergy.coop,
Carbon Co-op,53.482036,-2.233419,North West,Energy Efficiency; Solar PV; Storage,https://communityenergyengland.org/member/carbon-co-op-2/,https://carbon.coop,
Centre for Energy Equality,53.236119,-2.596225,North West,Electric Vehicles; Energy Efficiency; Heat; Hydro; Solar PV; Storage; Wind,https://communityenergyengland.org/member/centre-for-energy-equality-2/,https://cee-uk.com/,
Centre for Sustainable Energy,51.458904,-2.592481,South West,Electric Vehicles; Energy Efficiency; Heat; Hydro; Solar PV; Storage; Wind,https://communityenergyengland.org/member/centre-for-sustainable-energy/,https://www.cse.org.uk/,
Charge my Street,54.044708,-2.797357,North West,Electric Vehicles,https://communityenergyengland.org/member/charge-my-street-2/,https://chargemystreet.co.uk/,
Charsfield Community Energy,52.16207,1.299334,East of England,Energy Efficiency; Heat; Solar PV; Storage; Wind,https://communityenergyengland.org/member/charsfield-community-energy/,https://charsfield.org.uk/energy/,
Chase Community Solar,52.713913,-2.752236,West Midlands,Solar PV,https://communityenergyengland.org/member/chase-community-solar/,http://chasesolar.org.uk,
Cheddar Hydro,51.281305,-2.774136,South West,Hydro,https://communityenergyengland.org/member/cheddar-hydro/,,
Chester Community Energy Ltd.,53.145398,-2.953257,North West,Solar PV,https://communityenergyengland.org/member/chester-community-energy-ltd-2/,http://www.chestercommunityenergy.org.uk,
"Church of England, Archbishops’ Council",51.497938,-0.129326,London,Electric Vehicles; Energy Efficiency; Heat; Solar PV; Storage; Wind,https://communityenergyengland.org/member/church-of-england-archbishops-council/,https://www.churchofengland.org/,
Circular Malton and Norton CIC,54.204635,-0.980853,Yorkshire & The Humber,Energy Efficiency; Heat; Solar PV; Storage; Wind,https://communityenergyengland.org/member/circular-malton-and-norton-cic/,https://circularmaltonnorton.org,
Citizen Solar Ltd,51.534832,0.778018,South East,Electric Vehicles; Energy Efficiency; Solar PV; Storage,https://communityenergyengland.org/member/citizen-solar-ltd/,https://citizensolar.org/,
City Science,50.723948,-3.526861,South West,Electric Vehicles; Energy Efficiency; Heat; Solar PV; Storage; Wind,https://communityenergyengland.org/member/city-science/,https://cityscience.com/,
Clean Energy Leeds,53.859373,-1.554932,Yorkshire & The Humber,Energy Efficiency; Heat; Solar PV; Wind,https://communityenergyengland.org/member/alwoodley-community-energy/,https://cleanenergyleeds.org.uk/,
Climate Action Network West Midlands,52.443105,-1.866235,West Midlands,,https://communityenergyengland.org/member/climate-action-network-west-midlands/,https://www.climateactionwm.org.uk/,
Climate Action Stokesley and Villages,,,Yorkshire & The Humber,Energy Efficiency; Solar PV,https://communityenergyengland.org/member/climate-action-stokesley-and-villages/,https://climateactionstokesleyandvillages.org/,
Climate Action Thornbury and Surrounding Areas (CATSA),51.460218,-2.613168,South West,Energy Efficiency; Heat; Solar PV; Wind,https://communityenergyengland.org/member/climate-action-thornbury-and-surrounding-areas-catsa/,https://catsa-cic.org/,
Co-operatives UK,53.486446,-2.239366,North West,,https://communityenergyengland.org/member/co-operatives-uk-2/,http://uk.coop,
CO2Sense,53.801491,-1.569755,Yorkshire & The Humber,,https://communityenergyengland.org/member/co2sense/,http://co2sense.co.uk,
Coalville Public Radio,52.725916,-1.373825,East Midlands,Storage,https://communityenergyengland.org/member/coalville-public-radio/,https://www.coalvillepublicradio.com,
Common Green,51.721839,0.586295,South East,Energy Efficiency; Solar PV,https://communityenergyengland.org/member/sustainable-danbury/,https://www.commongreen.org.uk/,
Communities for Renewables CIC,50.254941,-5.194667,South West,Energy Efficiency; Solar PV; Storage,https://communityenergyengland.org/member/communities-for-renewables-cic/,https://cfrcic.co.uk/,
Community Action Northumberland (CAN),55.180283,-1.648541,North East,Energy Efficiency; Heat; Solar PV; Storage,https://communityenergyengland.org/member/community-action-northumberland-can/,http://ca-north.org.uk/,
Community Energy Barnet,51.616648,-0.174977,London,Energy Efficiency; Heat; Solar PV; Storage; Wind,https://communityenergyengland.org/member/community-energy-barnet/,http://www.communityenergybarnet.org/,
Community Energy Birmingham,52.445934,-1.889281,West Midlands,Electric Vehicles; Solar PV; Storage,https://communityenergyengland.org/member/community-energy-birmingham/,http://www.communityenergybirmingham.coop,
Community Energy Cornwall & Isles of Scilly,50.260048,-5.120354,South West,Electric Vehicles; Energy Efficiency; Solar PV; Storage; Wind,https://communityenergyengland.org/member/community-energy-cornwall-isles-of-scilly/,https://cecs.org.uk,
Community Energy Cumbria,54.662126,-2.748675,North West,Hydro; Solar PV,https://communityenergyengland.org/member/community-energy-cumbria-2/,http://www.communityenergycumbria.co.uk/,
Community Energy London,51.464707,-0.115079,London,,https://communityenergyengland.org/member/community-energy-london/,http://communityenergy.london/,
Community Energy Newham,51.464707,-0.115079,London,Solar PV,https://communityenergyengland.org/member/community-energy-newham/,https://www.repowering.org.uk/newham/,
Community Energy Ovingdean,50.81292,-0.072149,South East,Energy Efficiency; Solar PV; Wind,https://communityenergyengland.org/member/community-energy-ovingdean/,,
Community Energy Pathways,50.872477,0.011367,South East,,https://communityenergyengland.org/member/community-energy-pathways/,https://communityenergypathways.org.uk/,
Community Energy Preston,53.826755,-2.599342,North West,Solar PV,https://communityenergyengland.org/member/community-energy-preston-2/,https://communityenergypreston.co.uk/,
Community Energy Scotland,57.476669,-4.224,Scotland,,https://communityenergyengland.org/member/community-energy-scotland/,http://CES_Tweet,
Community Energy Wales,51.464924,-3.167177,Wales,,https://communityenergyengland.org/member/community-energy-wales/,http://cynnalcymru.com,
Community Geothermal CIC,50.429092,-3.597782,South West,Energy Efficiency; Heat; Storage,https://communityenergyengland.org/member/community-geothermal-cic/,,
Community Hydro Forum,53.401919,-2.305899,North West,Hydro,https://communityenergyengland.org/member/community-hydro-forum-2/,http://whitbyeskenergy.org.uk/peer-mentoring/community-hydro-forum/,
Community Power Cornwall,50.28269,-5.209498,South West,Solar PV; Wind,https://communityenergyengland.org/member/community-power-cornwall/,http://www.communitypowercornwall.coop/,
Community Power Solutions Ltd,51.46137,-2.58841,South West,Solar PV; Storage; Wind,https://communityenergyengland.org/member/community-power-solutions-ltd/,https://www.communitypowersolutions.org,
Compassionate Energy,55.021187,-1.654642,,Electric Vehicles; Energy Efficiency; Solar PV; Storage,https://communityenergyengland.org/member/compassionate-energy/,,
CORE Projects Society,53.438964,-2.22352,North West,Energy Efficiency; Heat; Hydro; Solar PV; Storage; Wind,https://communityenergyengland.org/member/core-projects-society-2/,,
Cornwall Insight,52.632727,1.294224,South West,Electric Vehicles; Heat; Hydro; Solar PV; Storage; Wind,https://communityenergyengland.org/member/cornwall-insight/,https://www.cornwall-insight.com/,yes
CPRE,51.505254,-0.099976,London,Electric Vehicles; Energy Efficiency; Heat; Hydro; Solar PV; Storage; Wind,https://communityenergyengland.org/member/cpre-the-countryside-charity/,https://www.cpre.org.uk/,
CREW.,51.428014,-0.145388,London,Energy Efficiency; Heat; Solar PV,https://communityenergyengland.org/member/crew/,http://www.crewenergy.london/,
Crowle Community Energy,52.200637,-2.116388,West Midlands,Solar PV,https://communityenergyengland.org/member/crowle-community-energy/,,
Croydon Community Energy,51.374151,-0.11633,London,Energy Efficiency; Solar PV,https://communityenergyengland.org/member/croydon-community-energy/,https://www.croydoncommunityenergy.co.uk/,
Darley Community Energy,52.944886,-1.478612,East Midlands,Hydro,https://communityenergyengland.org/member/darley-community-energy/,,
Deben Climate Centre,52.088623,1.300275,East of England,Energy Efficiency; Solar PV; Wind,https://communityenergyengland.org/member/deben-climate-centre/,https://www.woodbridgeclimateactioncentre.org/,
Derbyshire Dales Community Energy,53.147637,-1.565871,East Midlands,Energy Efficiency; Hydro; Solar PV; Storage; Wind,https://communityenergyengland.org/member/derbyshire-dales-community-energy/,http://DDCE.org.uk,
Devon Energy Collective CIC,50.254941,-5.194667,South West,Solar PV; Wind,https://communityenergyengland.org/member/devon-energy-collective-cic/,https://devonenergycic.co.uk/,
Dorset Climate Action Network,,,South West,Energy Efficiency; Solar PV; Storage; Wind,https://communityenergyengland.org/member/dorset-climate-action-network/,https://www.dorsetcan.org,
Dorset Community Energy,50.847008,-2.686437,South West,Solar PV,https://communityenergyengland.org/member/dorset-community-energy/,https://www.dorsetcommunityenergy.org.uk/,
Dragonfly Power,50.991202,-1.496069,South East,Energy Efficiency; Heat; Solar PV; Storage,https://communityenergyengland.org/member/dragonfly-power/,https://transitiontownromsey.weebly.com/dragonfly-power.html,
Draughton Parish Council,53.966391,-1.943325,Yorkshire & The Humber,Electric Vehicles; Energy Efficiency; Heat; Hydro; Solar PV; Storage; Wind,https://communityenergyengland.org/member/draughton-parish-council/,https://www.draughton.org/parish-council/,
East Durham Trust,54.766464,-1.337,North East,Energy Efficiency; Heat; Solar PV; Storage; Wind,https://communityenergyengland.org/member/east-durham-trust/,https://www.eastdurhamtrust.org.uk/,
Eco Community UK CIC,53.201393,-2.864796,North West,Energy Efficiency; Solar PV; Wind,https://communityenergyengland.org/member/eco-community-uk-cic/,https://ecocommunitiesuk.com/,
ECOE Advice,50.724201,-3.526742,South West,Energy Efficiency,https://communityenergyengland.org/member/ecoe-advice/,https://ecoeadvice.org.uk/,
Eden Renewables,51.473987,-1.614576,South West,Solar PV; Storage; Wind,https://communityenergyengland.org/member/eden-renewables/,https://uk.edenrenewables.com/,
Eden Renewables (London Office),51.514018,-0.150949,London,Solar PV; Storage; Wind,https://communityenergyengland.org/member/eden-renewables-london-office/,,
Egni Co-operative,51.80091,-3.820487,Wales,Solar PV,https://communityenergyengland.org/member/egni-co-operative/,http://egni.coop/,
Empowered Projects Ltd,51.431208,-2.187694,South West,Electric Vehicles; Energy Efficiency; Heat; Hydro; Solar PV; Storage; Wind,https://communityenergyengland.org/member/empowered-projects-ltd/,https://www.empoweredprojects.co.uk/,
en10ergy,51.571645,-0.148813,London,Solar PV,https://communityenergyengland.org/member/en10ergy/,http://en10ergy.org.uk/,
Enborne Parish Field Charity,51.368851,-1.355791,South East,Solar PV,https://communityenergyengland.org/member/enborne-parish-field-charity/,,
Energise Barnsley,53.551636,-1.482799,Yorkshire & The Humber,Solar PV; Storage,https://communityenergyengland.org/member/energise-barnsley/,http://www.energisebarnsley.co.uk/,
Energise South Downs,51.007278,-0.91679,South East,Energy Efficiency; Heat; Solar PV; Wind,https://communityenergyengland.org/member/energise-south-downs/,https://esd.energy,
Energise South Society Limited,54.118497,-3.241647,South East,Solar PV,https://communityenergyengland.org/member/energise-south-society-limited/,https://energisesouth.coop/,
Energise Sussex Coast,50.853681,0.558366,South East,Energy Efficiency,https://communityenergyengland.org/member/energise-sussex-coast/,http://energisesussexcoast.co.uk,
Energize Stur Valley,50.88053,-2.289733,South West,,https://communityenergyengland.org/member/energize-stur-valley/,https://esvips.com/,
Energy Garden,51.48897,-0.150148,London,Solar PV,https://communityenergyengland.org/member/energy-garden/,http://energygarden.org.uk/,
Energy Heroes CIO,53.383042,-2.351991,North West,Demand Side & Flexibility; Energy Efficiency,https://communityenergyengland.org/member/energy-heroes-cio-2/,https://energy-heroes.org.uk/,
Energy Local Bridport,50.611033,-2.460566,South West,Wind,https://communityenergyengland.org/member/energy-local-bridport/,https://www.dorsetcommunityenergy.org.uk/projects/energy-local-bridport/,
Energy Local CIC,53.204297,-4.182593,Wales,Energy Efficiency; Heat; Hydro; Solar PV; Storage; Wind,https://communityenergyengland.org/member/energy-local-cic/,http://energylocal.org.uk,
Energy Local Greenhoe,52.921473,0.884312,East of England,Solar PV,https://communityenergyengland.org/member/greenhoe-energy-local-club/,https://energylocal.org.uk/greenhoe,
Energy Prospects Co-operative,54.118497,-3.241647,North West,,https://communityenergyengland.org/member/energy-prospects-co-operative-2/,https://www.energyprospects.coop/,
Energy Saving Trust,51.500502,-0.131627,London,Energy Efficiency; Heat; Solar PV; Wind,https://communityenergyengland.org/member/energy-saving-trust-foundation/,http://energysavingtrust.org.uk,
Energy4All,54.118497,-3.241647,North West,,https://communityenergyengland.org/member/energy4all/,http://energy4all.co.uk,
Ennovus Solutions,52.6365,-1.144555,,Electric Vehicles; Energy Efficiency; Heat; Solar PV; Storage; Wind,https://communityenergyengland.org/member/ennovus-solutions/,https://ennovus.co.uk/,
Environmental Smart,54.177471,-0.839338,Yorkshire & The Humber,,https://communityenergyengland.org/member/environmental-smart/,https://www.environmental-smart.co.uk/,
Envol Energy,,,London,Storage,https://communityenergyengland.org/member/envol-energy/,https://envolenergy.com,
Essex County Council,51.742499,0.500627,South East,,https://communityenergyengland.org/member/essex-county-council/,https://www.essex.gov.uk/planning-land-and-recycling/energy-climate-and-environment,
Ethex,51.748321,-1.239046,South East,,https://communityenergyengland.org/member/ethex/,http://ethex.org.uk,yes
Evesham Vale Energy Renewables,52.090866,-1.935039,West Midlands,Energy Efficiency; Heat; Hydro; Solar PV; Wind,https://communityenergyengland.org/member/evesham-vale-energy-renewables/,https://ever.coop,
Exeter Community Energy,50.725772,-3.52906,South West,Solar PV,https://communityenergyengland.org/member/exeter-community-energy/,http://ecoe.org.uk,
Fal Energy Partnership,50.228698,-5.089347,South West,Solar PV,https://communityenergyengland.org/member/fal-energy-partnership/,http://www.falenergy.co.uk,
Feasibly,54.787215,-1.539153,North East,Demand Side & Flexibility; Electric Vehicles; Energy Efficiency; Hydro; Solar PV; Wind,https://communityenergyengland.org/member/feasibly/,https://feasibly.co.uk/,
Fit for the Future,51.510289,-0.119482,London,,https://communityenergyengland.org/member/fit-for-the-future/,http://fftf.org.uk,
Forest Community Energy CBS Limited,51.794554,-2.596987,South West,Energy Efficiency; Solar PV,https://communityenergyengland.org/member/forest-community-energy-cbs-limited/,https://forestcommunityenergy.org.uk/,
Forest Row Energy,51.094136,0.035993,South East,,https://communityenergyengland.org/member/forest-row-energy/,http://forestrowenergy.com,
Forum for the Future,51.526958,-0.09469,London,,https://communityenergyengland.org/member/forum-for-the-future/,http://Forum4theFuture,
Four Winds Energy Cooperative Limited,54.118497,-3.241647,North West,Wind,https://communityenergyengland.org/member/four-winds-energy-cooperative-limited-2/,https://www.fourwinds.coop/,
Friends of the Earth,51.47619,-0.11786,London,,https://communityenergyengland.org/member/friends-of-the-earth/,http://foe.co.uk,
Frome Renewable Energy Community (FRECo),51.229474,-2.323986,South West,Energy Efficiency; Solar PV,https://communityenergyengland.org/member/frome-renewable-energy-community-freco/,https://www.freco.org/,
Genfit,53.193793,-2.929753,North West,Electric Vehicles; Energy Efficiency; Heat; Solar PV; Storage,https://communityenergyengland.org/member/genfit-2/,https://genfit.co.uk/,
Gloucestershire Community Energy Co-op,51.882188,-2.044619,South West,Solar PV,https://communityenergyengland.org/member/gloucestershire-community-energy-co-op/,https://gloscommenergy.org.uk/,
Gower Power Community Co-op,51.58353,-4.102903,Wales,Solar PV,https://communityenergyengland.org/member/gower-power-community-co-op/,http://gowerpower.coop,
Grand Union Community Energy,51.759965,-0.564192,East of England,Energy Efficiency; Heat; Solar PV,https://communityenergyengland.org/member/grand-union-community-energy/,https://guce.org.uk/our_projects/,
Greater Grimsby Community Power,53.571401,-0.073173,Yorkshire & The Humber,Energy Efficiency; Solar PV,https://communityenergyengland.org/member/greater-grimsby-community-power-cic/,,
Greater Manchester Community Renewables Ltd,53.483356,-2.23409,North West,Solar PV,https://communityenergyengland.org/member/greater-manchester-community-renewables-ltd-2/,http://gmcr.org.uk,
Green Fox Community Energy,52.630499,-1.160171,East Midlands,Heat; Solar PV,https://communityenergyengland.org/member/green-fox-community-energy/,http://greenfoxcommunityenergy.coop,
Green Heat Coop,52.049578,-0.013819,East of England,Energy Efficiency; Heat,https://communityenergyengland.org/member/green-heat-coop/,https://www.greenheatcoop.co.uk/,
Green Rose Community Interest Company,54.077196,-2.84255,North West,,https://communityenergyengland.org/member/green-rose-community-interest-company-2/,https://greenrose.org.uk/contact-us/,
Greensand Community Energy Ltd,52.024856,-0.492001,East of England,Energy Efficiency; Solar PV,https://communityenergyengland.org/member/greensand-community-energy-ltd/,https://www.greensandenergy.org/,
GreenStreets.club,53.355632,-1.508684,Yorkshire & The Humber,,https://communityenergyengland.org/member/greenstreets-club/,http://GreenStreets.club,
Grimsby Community Energy,53.571401,-0.073173,Yorkshire & The Humber,Solar PV,https://communityenergyengland.org/member/grimsby-community-energy/,https://grimsbycommunityenergy.coop/,
Gwent Energy CIC,51.636356,-2.681666,Wales,Solar PV; Storage,https://communityenergyengland.org/member/gwent-energy-cic/,http://gwentenergycic.org,
Hadleigh Environmental Action Team (HEAT),52.048629,0.945732,East of England,Demand Side & Flexibility; Energy Efficiency; Heat; Solar PV,https://communityenergyengland.org/member/hadleigh-environmental-action-team-heat/,https://www.hadleighheat.org/,
Halesworth Area Sustainability Hub,52.391355,1.519738,East of England,Energy Efficiency; Heat; Solar PV; Storage,https://communityenergyengland.org/member/halesworth-area-sustainability-hub/,https://halesworthash.com,
Halton Lune Hydro,54.075903,-2.755804,North West,Hydro,https://communityenergyengland.org/member/halton-lune-hydro-2/,http://haltonlunehydro.org,
Hammersmith & Fulham Community Energy,51.464707,-0.115079,,Energy Efficiency; Solar PV,https://communityenergyengland.org/member/hammersmith-fulham-community-energy/,https://www.repowering.org.uk/hammersmithandfulham/,
Hannah Knox,,,,Heat; Solar PV; Wind,https://communityenergyengland.org/member/hannah-knox/,https://hannahknox.wordpress.com/,
Harborough Community Energy,52.479285,-0.96094,East Midlands,,https://communityenergyengland.org/member/harborough-community-energy/,https://www.sustainableharboroughcommunity.co.uk/hce/,
Harborough Energy,52.479386,-0.922978,East Midlands,Solar PV,https://communityenergyengland.org/member/harborough-energy/,http://harboroughenergy.co.uk,
Harbury Future Energy CIC,52.237171,-1.454453,West Midlands,Electric Vehicles; Solar PV; Storage,https://communityenergyengland.org/member/harbury-future-energy-cic/,http://www.harburyenergy.co.uk,
Harrogate Town Council,54.000177,-1.540801,Yorkshire & The Humber,Heat,https://communityenergyengland.org/member/harrogate-town-council/,,
Havant Community Energy,50.824022,-0.978793,South East,Electric Vehicles; Solar PV; Storage; Wind,https://communityenergyengland.org/member/havant-community-energy/,http://www.havantcommunityenergy.org/,
HEAL (Home Energy Action Lab),51.563271,-0.094774,London,Energy Efficiency; Heat,https://communityenergyengland.org/member/heal-home-energy-action-lab/,http://home_energy_action_lab,
Heart of England Community Energy Ltd,50.254941,-5.194667,West Midlands,Energy Efficiency; Solar PV,https://communityenergyengland.org/member/heart-of-england-community-energy-ltd/,https://www.hecommunityenergy.org/,
Heating Bildeston CIC,52.104308,0.909575,South East,Energy Efficiency; Heat; Solar PV; Wind,https://communityenergyengland.org/member/heating-bildeston-cic/,https://www.heatingbildeston.uk/,
Hengistbury Head Outdoors,50.731165,-1.75476,South East,Solar PV; Storage; Wind,https://communityenergyengland.org/member/hengistbury-head-outdoors/,https://www.hengistbury.org/,
Hertford Energy Now,51.797145,-0.087438,East Midlands,Solar PV,https://communityenergyengland.org/member/hertford-energy-now/,http://www.hertfordenergynow.org.uk,
Hexham Community Led Housing,54.970386,-2.111057,North East,Energy Efficiency; Heat; Solar PV; Storage,https://communityenergyengland.org/member/hexham-community-led-housing/,https://hexhamhousing.co.uk,
High Winds Community Energy Soc Ltd,54.118497,-3.241647,North West,Wind,https://communityenergyengland.org/member/high-winds-community-energy-soc-ltd-2/,http://www.highwinds.coop/,
Hockerton Housing Project,53.097554,-0.929958,East Midlands,Solar PV; Wind,https://communityenergyengland.org/member/hockerton-housing-project/,http://www.hockertonhousingproject.org.uk,
Home Energy Reduction CIC,54.113616,-3.231159,North West,Energy Efficiency,https://communityenergyengland.org/member/home-energy-reduction-cic/,https://hercic.org.uk,
Hope Valley Climate Action,53.334815,-1.640171,East Midlands,Electric Vehicles; Energy Efficiency; Heat; Solar PV; Storage; Wind,https://communityenergyengland.org/member/hope-valley-climate-action/,https://hopevalleyclimateaction.org.uk/,
Hope Valley Community Energy,53.323097,-1.734294,East Midlands,Electric Vehicles; Energy Efficiency; Heat; Solar PV; Storage,https://communityenergyengland.org/member/hope-valley-community-energy/,,
Humshaugh Net Zero CIC,55.032193,-2.12839,North East,Demand Side & Flexibility; Electric Vehicles; Energy Efficiency; Heat; Solar PV; Storage; Wind,https://communityenergyengland.org/member/humshaugh-net-zero-cic/,https://humshaughnetzero.org,
Kelsale-Cum-Carlton Community Energy,52.23355,1.497797,East of England,Solar PV,https://communityenergyengland.org/member/kelsale-cum-carlton-community-energy/,http://www.power4kcc.org/,
Kent Community Energy,51.485973,-0.118365,South East,Electric Vehicles; Energy Efficiency; Heat; Solar PV; Storage,https://communityenergyengland.org/member/kent-community-energy/,https://www.kentcommunityenergy.org/,
Keynsham Community Energy,51.41916,-2.497727,South West,Energy Efficiency; Solar PV,https://communityenergyengland.org/member/keynsham-community-energy/,https://www.keynshamcommunityenergy.org.uk/,
Kirkbymoorside And District Energy Society Ltd,54.269418,-0.933988,Yorkshire & The Humber,Solar PV,https://communityenergyengland.org/member/kirkbymoorside-and-district-energy-society-ltd/,http://kirkbymoorsideanddistrictenergysociety.weebly.com,
Knaresborough Community Energy Ltd,54.008746,-1.455457,Yorkshire & The Humber,Electric Vehicles; Hydro; Solar PV; Storage,https://communityenergyengland.org/member/knaresborough-community-energy-ltd/,,
Lambeth Community Solar,,,London,Solar PV,https://communityenergyengland.org/member/lambeth-community-solar/,https://www.repowering.org.uk/lambeth-community-solar/,
Lendology CIC,50.991085,-3.184317,South West,Energy Efficiency,https://communityenergyengland.org/member/lendology-cic/,https://www.lendology.org.uk/,
Local Energy Scotland,55.980388,-3.173815,Scotland,Energy Efficiency; Heat; Hydro; Solar PV; Wind,https://communityenergyengland.org/member/local-energy-scotland/,http://localenergyscotland.org,
Locality,51.527758,-0.086972,London,,https://communityenergyengland.org/member/locality/,http://locality.org.uk,
Loddon Community Energy,51.310728,-1.066892,South East,Energy Efficiency; Solar PV,https://communityenergyengland.org/member/loddon-community-energy/,https://loddoncommunityenergy.org.uk/,
Low Carbon Alliance,51.52798,-0.126898,London,Electric Vehicles; Solar PV; Storage; Wind,https://communityenergyengland.org/member/low-carbon-alliance-2/,https://lowcarbonalliance.co.uk,
Low Carbon Gordano,51.470761,-2.593052,South West,Solar PV,https://communityenergyengland.org/member/low-carbon-gordano/,http://lowcarbongordano.co.uk,
Low Carbon Hub,51.748154,-1.273756,South East,Energy Efficiency; Hydro; Solar PV; Storage,https://communityenergyengland.org/member/low-carbon-hub/,http://lowcarbonhub.org,
Luton Community Energy,51.8999,-0.42482,East of England,Energy Efficiency; Solar PV,https://communityenergyengland.org/member/luton-community-energy/,https://www.lutoncommunityenergy.com/,
Lymm Community Energy Ltd,53.385881,-2.465303,North West,Energy Efficiency; Solar PV,https://communityenergyengland.org/member/lymm-community-energy-ltd-2/,https://lymmcommunityenergy.org.uk/,
MaidEnergy,51.521953,-0.718644,South East,Heat; Solar PV,https://communityenergyengland.org/member/maidenergy/,https://www.maidenergy.coop/,
Make It Macclesfield CIC,,,North West,Solar PV,https://communityenergyengland.org/member/make-it-macclesfield-cic-2/,,
Malvern Community Energy Co-operative,52.098068,-2.314771,West Midlands,Solar PV,https://communityenergyengland.org/member/malvern-community-energy-co-operative/,https://malverncommunityenergy.wordpress.com/,
Marshfield Energy Project,51.463536,-2.315854,South West,Heat; Hydro; Solar PV; Wind,https://communityenergyengland.org/member/marshfield-energy-project/,https://marshfieldclt.org/marshfield-community-energy-project,
Martin Heath Individual Member,51.268046,-1.074193,South East,Energy Efficiency; Heat; Solar PV; Storage; Wind,https://communityenergyengland.org/member/basingstoke-energy-co-op/,,
Meadow Blue Community Energy,50.872477,0.011367,South East,Solar PV,https://communityenergyengland.org/member/meadow-blue-community-energy/,http://meadowblue-energy.org/,
Mendip Energy,51.30957,-2.842803,South West,Wind,https://communityenergyengland.org/member/mendip-energy/,https://www.mendipenergy.com/,
Middleton Community Power,53.548259,-2.201049,North West,Solar PV; Storage; Wind,https://communityenergyengland.org/member/middleton-community-power-2/,https://middleton.coop/MCP,
Mill Community Energy,51.227632,-0.587953,South East,Electric Vehicles; Energy Efficiency; Heat; Hydro; Solar PV; Storage; Wind,https://communityenergyengland.org/member/mill-community-energy/,,
Milton Keynes Community Energy,52.060745,-0.810481,East Midlands,Energy Efficiency; Solar PV,https://communityenergyengland.org/member/milton-keynes-community-energy/,https://mkcommunityenergy.co.uk/,
Morecambe Bay Community Renewables,54.075903,-2.755804,North West,Solar PV,https://communityenergyengland.org/member/morecambe-bay-community-renewables-2/,http://morerenewables.co.uk,
Muswell Hill Sustainability Group,51.584523,-0.127908,London,Energy Efficiency; Solar PV,https://communityenergyengland.org/member/muswell-hill-sustainability-group/,http://mhsgroup.org,
Nadder Community Energy,51.066831,-2.083259,South West,Solar PV,https://communityenergyengland.org/member/nadder-community-energy/,https://www.nadderce.org.uk/,
National Grid Electricity Distribution,51.507528,-0.126152,,,https://communityenergyengland.org/member/national-grid-electricity-distribution/,http://www2.nationalgrid.com/uk/,yes
Naturesave Insurance,50.43495,-3.683723,South West,,https://communityenergyengland.org/member/naturesave-insurance/,http://naturesave.co.uk,
NEA,54.965466,-1.616477,London,,https://communityenergyengland.org/member/nea/,https://www.nea.org.uk/,
Neighbourhood Services Company,53.46175,-2.873375,North West,Heat; Solar PV; Wind,https://communityenergyengland.org/member/neighbourhood-services-company/,https://nscliverpool.co.uk/,
Neston Community Energy,53.286612,-3.061415,North West,Energy Efficiency; Solar PV,https://communityenergyengland.org/member/neston-community-energy-2/,https://nestoncommunityenergy.co.uk/,
New Forest Community Energy,50.858841,-1.411454,South East,Energy Efficiency; Heat; Solar PV; Storage; Wind,https://communityenergyengland.org/member/new-forest-community-energy/,https://communityenergynf.org.uk/,
NookCRM,51.564263,-0.108266,London,Energy Efficiency,https://communityenergyengland.org/member/nookcrm/,https://nookcrm.com/,
North Kensington Community Energy,,,London,Solar PV,https://communityenergyengland.org/member/north-kensington-community-energy/,https://www.repowering.org.uk/north-kensington-community-energy/,
North Lincolnshire Community Energy,54.118497,-3.241647,East of England,Energy Efficiency; Solar PV,https://communityenergyengland.org/member/north-lincolnshire-community-energy/,https://nlce.coop/,
Northern Powergrid,53.718891,-1.36504,Yorkshire & The Humber,,https://communityenergyengland.org/member/northern-powergrid/,http://northernpowergrid.com,yes
Nottinghamshire Community Energy Limited,52.942677,-1.149903,East Midlands,Solar PV,https://communityenergyengland.org/member/nottinghamshire-community-energy-limited/,http://nce.coop/,
Optimistic Foundation CIC / POWER STATION,51.57883,-0.036016,London,Energy Efficiency; Solar PV,https://communityenergyengland.org/member/optimistic-foundation-cic-power-station/,https://hilarypowell.site/optimistic-foundation#,
Orchard Community Energy,51.485973,-0.118365,London,Solar PV,https://communityenergyengland.org/member/orchard-community-energy/,https://orchardcommunityenergy.org/,
Our Community Enterprise CIC,51.482303,-0.966087,South East,Heat; Hydro; Solar PV,https://communityenergyengland.org/member/our-community-enterprise-cic/,http://www.oce.org.uk,
Our Power Community Energy CIC,52.629739,1.312018,East of England,Energy Efficiency; Heat; Solar PV,https://communityenergyengland.org/member/norwich-climate-cic/,https://ourpower.org.uk/,
Ouse Valley Energy Services Company,50.872477,0.011367,South East,Energy Efficiency; Solar PV,https://communityenergyengland.org/member/ouse-valley-energy-services-company/,http://ovesco.co.uk,
PandoREH Limited,51.311253,0.898466,,Energy Efficiency; Heat; Hydro; Solar PV; Wind,https://communityenergyengland.org/member/pandoreh-limited/,https://www.pandoREH.com,
Peacock Community Energy Limited,52.017922,0.245219,South East,Solar PV,https://communityenergyengland.org/member/peacock-community-energy-limited/,https://www.peacock-ce.coop/,
Peakirk Climate Emergency Group,52.641944,-0.275338,,Energy Efficiency; Heat; Solar PV,https://communityenergyengland.org/member/peakirk-climate-emergency-group/,https://www.peakirkvillage.co.uk/parish-council/peakirk-climate-emergency-group/,
Phoenix Energy Community,51.77692,-0.994416,South East,Energy Efficiency; Heat; Solar PV; Storage; Wind,https://communityenergyengland.org/member/phoenix-energy-community/,https://phoenixec.org.uk/,
Plugyy Energy  Solutions,52.923497,-1.479924,East Midlands,Electric Vehicles; Energy Efficiency; Solar PV; Storage,https://communityenergyengland.org/member/plugyy-energy-solutions/,http://www.plugyy.com,
Plymouth Energy Community Trust,50.369471,-4.157135,South West,Energy Efficiency; Solar PV,https://communityenergyengland.org/member/plymouth-energy-community-trust/,http://plymouthenergycommunity.com,
Pomona Solar Co-Operative Ltd,52.713913,-2.752236,West Midlands,Solar PV,https://communityenergyengland.org/member/pomona-solar-co-operative-ltd/,http://pomonasolar.org.uk,
Possible,51.536803,-0.141647,London,Energy Efficiency; Heat; Solar PV; Storage; Wind,https://communityenergyengland.org/member/possible/,https://www.wearepossible.org/,
Power for People,51.540737,-0.143102,London,,https://communityenergyengland.org/member/power-for-people/,https://powerforpeople.org.uk/,
Power Hull,53.744573,-0.37521,Yorkshire & The Humber,Energy Efficiency; Solar PV,https://communityenergyengland.org/member/cooperation-hull/,http://www.powerhull.org,
Power To Change,51.498551,-0.104232,London,Solar PV,https://communityenergyengland.org/member/power-to-change/,http://peoplesbiz,
Power Up North London,51.52371,-0.142296,London,Energy Efficiency; Heat; Solar PV; Storage,https://communityenergyengland.org/member/power-up-north-london/,https://powerupnorthlondon.org/,
Project Purple – Hovingham,54.173285,-0.977548,Yorkshire & The Humber,Electric Vehicles; Energy Efficiency; Heat; Solar PV; Wind,https://communityenergyengland.org/member/project-purple-hovingham/,https://www.project-purple.org.uk/,
Pure Leapfrog,51.49987,-0.092939,London,,https://communityenergyengland.org/member/pure-leapfrog/,http://pureleapfrog.org,
REA,51.510041,-0.121942,London,,https://communityenergyengland.org/member/rea/,http://r-e-a.net,
Reading Community Energy Society Limited,54.118497,-3.241647,South East,Solar PV,https://communityenergyengland.org/member/reading-community-energy-society-limited/,https://readingenergy.coop/,
Reading Hydro CBS,51.452602,-0.968024,South East,Hydro,https://communityenergyengland.org/member/reading-hydro-cbs/,https://readinghydro.org/,
Regen,50.725772,-3.52906,South West,,https://communityenergyengland.org/member/regen/,https://www.regen.co.uk/,
Renewable Exchange,51.452219,-2.589689,South West,Hydro; Solar PV; Storage; Wind,https://communityenergyengland.org/member/renewable-exchange/,https://renewable.exchange/,
Repower Balcombe,54.118497,-3.241647,South East,Energy Efficiency; Solar PV; Storage,https://communityenergyengland.org/member/repower-balcombe/,http://repowerbalcombe.com,
Repowering Communities,51.464707,-0.115079,London,Solar PV,https://communityenergyengland.org/member/repowering-communities/,,
Repowering London,51.464707,-0.115079,London,Demand Side & Flexibility; Energy Efficiency; Solar PV; Storage,https://communityenergyengland.org/member/repowering-london/,http://repowering.org.uk,
Riding Sunbeams,51.451616,-2.603943,South West,Solar PV; Storage; Wind,https://communityenergyengland.org/member/riding-sunbeams/,https://www.ridingsunbeams.org/,
River Ivel Community Energy Limited,52.058185,-0.273016,East of England,Energy Efficiency; Heat; Hydro; Solar PV; Wind,https://communityenergyengland.org/member/river-ivel-community-energy-limited/,https://riverivelcommunityenergy.com/,
Roadblock CIC,,,Yorkshire & The Humber,Electric Vehicles; Energy Efficiency,https://communityenergyengland.org/member/roadblock-cic/,http://roadblocksoundsystem,
Rossendale Valley Energy,53.702496,-2.200892,North West,Energy Efficiency; Heat; Solar PV,https://communityenergyengland.org/member/rossendale-valley-energy-2/,https://rvenergy.org.uk/,
Salisbury Community Energy Limited,51.07373,-1.821837,South West,Hydro; Solar PV,https://communityenergyengland.org/member/salisbury-community-energy-limited/,http://www.salisburycommunityenergy.co.uk/,
Sandford Hydro CIC,51.711305,-1.229522,South East,Hydro,https://communityenergyengland.org/member/sandford-hydro-cic/,https://www.lowcarbonhub.org/p/projects/sandford-hydro/,
SaveEnergy CBS Ltd,51.502784,-0.686332,South East,Electric Vehicles; Energy Efficiency; Heat; Hydro; Solar PV; Storage; Wind,https://communityenergyengland.org/member/saveenergy-cbs-ltd/,http://www.saveenergy.coop/,
Scene Connect,55.946936,-3.201753,Scotland,Electric Vehicles; Energy Efficiency; Heat; Hydro; Solar PV; Storage; Wind,https://communityenergyengland.org/member/scene-connect/,http://scene.community/,
Schools Energy Co-operative,51.18841,-0.616813,South East,Solar PV,https://communityenergyengland.org/member/schools-energy-co-operative/,http://schools-energy-coop.co.uk/,
Scottish and Southern Electricity Networks,56.417342,-3.464187,Scotland,,https://communityenergyengland.org/member/scottish-and-southern-electricity-networks/,https://www.ssen.co.uk/,yes
SE1 Solar,51.501835,-0.086027,London,Energy Efficiency; Heat; Solar PV,https://communityenergyengland.org/member/se1-solar/,http://se1.solar/,
Settle Hydro,54.065088,-2.278505,Yorkshire & The Humber,Hydro,https://communityenergyengland.org/member/settle-hydro/,http://www.settlehydro.org.uk,
Severn Wye Energy Agency,51.878975,-2.30618,South West,Energy Efficiency; Heat; Solar PV,https://communityenergyengland.org/member/severn-wye-energy-agency/,https://severnwye.org.uk/,
Sharenergy,52.713913,-2.752236,West Midlands,Energy Efficiency; Heat; Hydro; Solar PV; Storage; Wind,https://communityenergyengland.org/member/sharenergy/,http://sharenergy.coop,
Sheffield Community Energy,53.362221,-1.521982,Yorkshire & The Humber,Heat; Hydro; Solar PV; Wind,https://communityenergyengland.org/member/sheffield-community-energy/,https://www.facebook.com/groups/1097245804654801/,
Sheffield Renewables,53.362914,-1.466886,Yorkshire & The Humber,Solar PV,https://communityenergyengland.org/member/sheffield-renewables/,http://www.sheffieldrenewables.org.uk,
Shropshire & Telford Community Energy,52.713913,-2.752236,West Midlands,Energy Efficiency; Solar PV,https://communityenergyengland.org/member/shropshire-telford-community-energy/,https://stcenergy.org.uk/,
Social Investment Business,51.49987,-0.092939,London,Energy Efficiency; Heat,https://communityenergyengland.org/member/social-investment-business/,http://www.sibgroup.org.uk,
Solar for Schools CBS Ltd,52.244605,0.708674,East of England,Solar PV,https://communityenergyengland.org/member/solar-for-schools-cbs-ltd/,https://www.solarforschools.co.uk/funding/cbs,
Solar for Schools Ltd,52.244605,0.708674,East of England,Electric Vehicles; Solar PV; Storage,https://communityenergyengland.org/member/solar-for-schools-ltd/,https://www.solarforschools.co.uk/,
Solar Seed co-operative,55.127204,-1.501315,North East,Electric Vehicles; Solar PV; Storage,https://communityenergyengland.org/member/solar-seed-co-operative/,https://solarseed.coop/,
South Brent Community Energy Society Ltd,50.431111,-3.838124,South West,Solar PV; Wind,https://communityenergyengland.org/member/south-brent-community-energy-society-ltd/,http://www.sbces.org.uk/,
South Dartmoor Community Energy,50.396606,-3.876033,South West,Solar PV,https://communityenergyengland.org/member/south-dartmoor-community-energy/,http://www.southdartmoorcommunityenergy.org/,
South East London Community Energy (SELCE),51.485714,0.006244,London,Energy Efficiency; Solar PV,https://communityenergyengland.org/member/south-east-london-community-energy-selce/,http://selce.org.uk,
South Gloucestershire Community Energy Network,51.460378,-2.587275,South West,Energy Efficiency; Heat; Solar PV; Wind,https://communityenergyengland.org/member/south-gloucestershire-community-energy-network/,https://sgcen.org/,
South Somerset Community Energy Society,50.870602,-2.769183,South West,Energy Efficiency; Solar PV,https://communityenergyengland.org/member/south-somerset-community-energy-society/,https://www.sscom.energy/,
Southern Staffordshire Community Energy,54.118497,-3.241647,West Midlands,Solar PV,https://communityenergyengland.org/member/southern-staffordshire-community-energy/,https://staffscommunityenergy.org.uk/,
Southill Community Energy,52.713913,-2.752236,West Midlands,Solar PV,https://communityenergyengland.org/member/southill-community-energy/,http://southillcommunityenergy.co.uk/,
SP Electricity North West,53.423207,-2.52479,North West,Electric Vehicles; Energy Efficiency; Heat; Hydro; Solar PV; Storage; Wind,https://communityenergyengland.org/member/electricity-north-west-2/,https://www.enwl.co.uk/,yes
SP Energy Networks,53.419379,-2.931356,North West,,https://communityenergyengland.org/member/sp-energy-networks-2/,https://www.spenergynetworks.co.uk/,yes
Springbok Sustainable Wood Heat,51.18841,-0.616813,South East,Heat,https://communityenergyengland.org/member/springbok-sustainable-wood-heat/,http://www.springbokwoodheat.co.uk/,
St John’s Sunshine,53.457155,-2.268164,North West,Solar PV,https://communityenergyengland.org/member/st-johns-sunshine-2/,http://stjohnssunshine.org.uk,
Stour Power,52.042926,0.731243,,Electric Vehicles; Energy Efficiency; Heat; Hydro; Solar PV; Storage; Wind,https://communityenergyengland.org/member/stour-power/,http://www.stourpower.com,
Stroud Area Community Energy Network,51.707018,-2.222192,South West,Solar PV; Wind,https://communityenergyengland.org/member/stroud-area-community-energy-network/,https://together-we-power.org/,
Stroud District Council,51.739963,-2.248597,South West,Electric Vehicles; Energy Efficiency; Heat; Solar PV,https://communityenergyengland.org/member/stroud-district-council/,http://www.stroud.gov.uk/,
Suffolk Environmental Services CIC Ltd,51.710814,-1.792702,East of England,Electric Vehicles; Energy Efficiency; Heat; Hydro; Solar PV; Storage; Wind,https://communityenergyengland.org/member/suffolk-environmental-services-cic-ltd/,,
Summerbridge Methodist Church,54.028185,-1.6421,Yorkshire & The Humber,,https://communityenergyengland.org/member/summerbridge-methodist-church/,https://www.summerbridgechurch.org/,
Sunrise Community Energy,52.049384,1.154786,East of England,Solar PV,https://communityenergyengland.org/member/sunrise-community-energy/,http://www.sunriseenergy.org.uk,
Surrey Community Energy,51.281941,-0.449522,South East,,https://communityenergyengland.org/member/surrey-community-energy/,https://www.surreycommunityenergy.org/,
Surya Community Energy,52.659188,-1.101606,East Midlands,Demand Side & Flexibility; Electric Vehicles; Energy Efficiency; Solar PV; Storage,https://communityenergyengland.org/member/surya-community-energy/,https://www.suryacommunityenergy.co.uk/,
Sustainable Blackawton,50.346308,-3.680305,South West,Electric Vehicles; Energy Efficiency; Solar PV; Storage; Wind,https://communityenergyengland.org/member/sustainable-blackawton/,https://blackawtoncommunity.com/,
Sustainable Calne,51.425784,-1.990394,South West,Electric Vehicles; Energy Efficiency; Solar PV; Storage,https://communityenergyengland.org/member/sustainable-calne/,https://sustainablecalne.org.uk/,
Sustainable Energy (SE) 24,51.459796,-0.096711,London,Energy Efficiency; Solar PV,https://communityenergyengland.org/member/sustainable-energy-se-24/,https://se24.co.uk/,
Sustainable Hayfield,53.381017,-1.950967,East Midlands,Electric Vehicles; Energy Efficiency; Solar PV; Storage,https://communityenergyengland.org/member/sustainable-hayfield/,https://www.sustainablehayfield.com/,
Sustainable Hockerton Ltd.,53.097554,-0.929958,East Midlands,Energy Efficiency; Heat; Solar PV; Wind,https://communityenergyengland.org/member/sustainable-hockerton-ltd/,https://sustainablehockerton.org/,
Sustainable Lastingham,54.304257,-0.881682,Yorkshire & The Humber,Solar PV,https://communityenergyengland.org/member/sustainable-lastingham/,,
SY Ecofit,53.392271,-1.502249,,Energy Efficiency; Heat; Solar PV; Storage; Wind,https://communityenergyengland.org/member/sy-ecofit/,https://www.ecofit.uk/,
Tamar Energy Community,50.540893,-4.224186,South West,Energy Efficiency; Solar PV,https://communityenergyengland.org/member/tamar-energy-community/,https://tamarenergycommunity.com,
Teign Energy Communities Ltd.,50.520558,-3.55547,South West,Energy Efficiency; Solar PV,https://communityenergyengland.org/member/teign-energy-communities-ltd/,http://teignenergycommunities.co.uk,
Test Source Community Energy,51.244667,-1.27485,South East,Solar PV,https://communityenergyengland.org/member/test-source-community-energy/,https://www.testsource.org.uk/,
Thames Head Energy,51.64843,-1.96887,London,Solar PV,https://communityenergyengland.org/member/thames-head-energy/,https://thamesheadenergy.org/,
The C.H.E.E.S.E. Project CIC,51.470877,-2.636031,South West,,https://communityenergyengland.org/member/the-c-h-e-e-s-e-project-cic/,https://cheeseproject.co.uk/,
The Climate Coalition,51.498382,-0.106558,London,,https://communityenergyengland.org/member/the-climate-coalition/,http://www.theclimatecoalition.org,
The Small Wind Co-Op,52.713913,-2.752236,West Midlands,Wind,https://communityenergyengland.org/member/the-small-wind-co-op/,http://smallwind.org.uk/,
Thermly,53.481084,-2.246192,North West,Energy Efficiency; Heat; Solar PV; Storage,https://communityenergyengland.org/member/thermly/,http://www.thermly.co.uk,
Third Sector Leaders Kirklees,53.692498,-1.631123,Yorkshire & The Humber,Energy Efficiency; Heat; Solar PV; Wind,https://communityenergyengland.org/member/third-sector-leaders-kirklees/,https://tslkirklees.org.uk/energy-neighbours/,
Thrive Renewables Plc,51.451616,-2.603943,South West,Heat; Hydro; Solar PV; Storage; Wind,https://communityenergyengland.org/member/thrive-renewables-plc/,https://www.thriverenewables.co.uk/,
Tollesbury Climate Partnership,51.760662,0.833239,East of England,Energy Efficiency; Solar PV,https://communityenergyengland.org/member/tollesbury-climate-partnership/,https://tollesburyclimate.org/,
Totnes Renewable Energy Society,50.430874,-3.691253,South West,Solar PV,https://communityenergyengland.org/member/totnes-renewable-energy-society/,http://tresoc.co.uk,
Transition Bewdley,52.377574,-2.307723,West Midlands,Heat,https://communityenergyengland.org/member/transition-bewdley/,https://www.facebook.com/transitionbewdley/,
Transition Bude,50.828284,-4.542037,South West,,https://communityenergyengland.org/member/transition-bude/,https://www.transitionbude.org/,
Transition Buxton CiC,53.253003,-1.922605,East Midlands,Solar PV; Storage,https://communityenergyengland.org/member/transition-buxton-cic/,https://www.transitionbuxton.co.uk/,
Transition Eynsham Area,51.781755,-1.374037,South East,Energy Efficiency; Heat,https://communityenergyengland.org/member/transition-eynsham-area/,"https://eynsham.org.uk/org.aspx?n=GreenTEA#:~:text=GreenTEA%20%28Green%20Transition%20Eynsham%20Area%29%20is%20about%20helping,enabling%20us%20to%20live%20within%20the%20planet%E2%80%99s%20resources.",
Transition Town Maidenhead,51.515759,-0.740307,South East,,https://communityenergyengland.org/member/transition-town-maidenhead/,https://www.facebook.com/Transition-Maidenhead-194990167276188/,
Triodos Bank UK Ltd,51.451616,-2.603943,South West,,https://communityenergyengland.org/member/triodos-bank-uk-ltd/,https://www.triodos.co.uk/,
Two Rivers Community Energy Society Limited,54.118497,-3.241647,North West,Energy Efficiency; Solar PV,https://communityenergyengland.org/member/two-rivers-community-energy-society-limited-2/,http://mandsenergysociety.com,
UK Power Networks,51.498515,-0.099752,East of England,Electric Vehicles; Energy Efficiency; Heat; Hydro; Solar PV; Storage; Wind,https://communityenergyengland.org/member/uk-power-networks/,https://www.ukpowernetworks.co.uk/,
Unisolar Limited,51.522352,-0.129234,London,Solar PV,https://communityenergyengland.org/member/unisolar-limited/,http://uni-solar.org,
Uttlesford District Council,52.019024,0.236908,South East,Electric Vehicles; Energy Efficiency; Heat; Solar PV,https://communityenergyengland.org/member/uttlesford-district-council/,https://www.uttlesford.gov.uk/,
Vectis Community Energy,50.644192,-1.357184,South East,Energy Efficiency; Solar PV; Storage,https://communityenergyengland.org/member/vectis-community-energy/,,
Wadebridge Renewable Energy Network,50.520111,-4.823276,South West,Electric Vehicles; Energy Efficiency; Heat; Solar PV,https://communityenergyengland.org/member/wadebridge-renewable-energy-network/,http://wren.uk.com,
Weardale renewable energy CIC,54.730729,-1.878453,North East,Energy Efficiency; Hydro; Solar PV; Wind,https://communityenergyengland.org/member/weardale-renewable-energy-cic/,https://weardalerenewables.co.uk/,
Wessex Community Energy Network,51.458904,-2.592481,South West,Electric Vehicles; Energy Efficiency; Heat; Hydro; Solar PV; Storage; Wind,https://communityenergyengland.org/member/wessex-community-energy-network/,https://wessexce.net/,
Wessex Hydro Group,50.944423,-2.30647,South East,Hydro,https://communityenergyengland.org/member/wessex-hydro-group/,,
West Solent Solar Co-op,54.118497,-3.241647,South East,Solar PV,https://communityenergyengland.org/member/west-solent-solar-co-op/,http://westsolentsolar.coop,
Westmill Solar Co-operative,51.748321,-1.239046,South East,Solar PV,https://communityenergyengland.org/member/westmill-solar-co-operative/,https://westmillenergy.coop/,
Westmill Sustainable Energy Trust,51.61683,-1.665768,South East,Solar PV; Wind,https://communityenergyengland.org/member/westmill-sustainable-energy-trust/,https://westmillenergy.coop/about/weset/,
Westmill Wind Farm Co-operative,54.118497,-3.241647,North West,Wind,https://communityenergyengland.org/member/westmill-wind-farm-co-operative-2/,https://westmillenergy.coop/,
WeWantWind.org,50.828597,-0.147758,South East,Demand Side & Flexibility; Electric Vehicles; Energy Efficiency; Heat; Hydro; Solar PV; Storage; Wind,https://communityenergyengland.org/member/wewantwind-org/,https://wewantwind.org/,
Wey Valley Solar Schools,51.18841,-0.616813,South East,Solar PV,https://communityenergyengland.org/member/wey-valley-solar-schools/,http://weyvalleysolar.co.uk,
Whitby Esk Energy Company,,,Yorkshire & The Humber,Hydro,https://communityenergyengland.org/member/whitby-esk-energy-company/,http://whitbyeskenergy.org.uk,
Wickersley Community Centre Association,53.421654,-1.278148,Yorkshire & The Humber,Energy Efficiency; Solar PV,https://communityenergyengland.org/member/wickersley-community-centre-association/,https://www.wickersleyparishcouncil.gov.uk/community-centre/,
Wight Community Energy,51.485973,-0.118365,South East,Solar PV,https://communityenergyengland.org/member/wight-community-energy/,http://wightcommunityenergy.org,
Wilsford Community Land Trust Ltd,52.975591,-0.504677,East Midlands,Electric Vehicles; Energy Efficiency; Heat; Solar PV; Storage,https://communityenergyengland.org/member/wilsford-community-land-trust-ltd/,https://www.wilsfordvillage.co.uk/clt,
Wiltshire Wildlife Community Energy,51.415788,-2.203535,South West,Solar PV,https://communityenergyengland.org/member/wiltshire-wildlife-community-energy/,https://wwce.org/,
Windworks SA,,,,Wind,https://communityenergyengland.org/member/windworks-sa/,,
Wivey Community Energy,51.015216,-3.095516,South West,Electric Vehicles; Energy Efficiency; Heat; Solar PV; Storage; Wind,https://communityenergyengland.org/member/wivey-community-energy/,,
Wokingham Energy Collective,51.406948,-0.854695,South East,,https://communityenergyengland.org/member/wokingham-energy-collective/,https://www.facebook.com/wokinghamenergycollective/,
Wrigleys Solicitors LLP,53.800493,-1.547538,Yorkshire & The Humber,,https://communityenergyengland.org/member/wrigleys-solicitors-llp/,http://wrigleys.co.uk,
Yealm Community Energy,50.350772,-4.039976,South West,Energy Efficiency; Solar PV,https://communityenergyengland.org/member/yealm-community-energy/,https://www.yealmenergy.co.uk/,
Ynni Newydd,52.083483,-4.658882,Wales,Solar PV,https://communityenergyengland.org/member/ynni-newydd/,https://www.brettonhallsolar.co.uk/bretton-hall-solar-farm/,
YnNi Teg cyf,51.464924,-3.167177,Wales,Energy Efficiency; Solar PV; Wind,https://communityenergyengland.org/member/ynni-teg-cyf/,https://www.ynniteg.cymru/#:~:text=We%20are%20a%20social%20enterprise%20developing%20community%20energy,
York Community Energy,53.956023,-1.088463,Yorkshire & The Humber,Energy Efficiency; Solar PV,https://communityenergyengland.org/member/york-community-energy/,http://yorkcommunityenergy.org.uk/,
Yorkshire Energy Doctor CIC,53.833518,-1.055094,Yorkshire & The Humber,,https://communityenergyengland.org/member/yorkshire-energy-doctor-cic/,https://yorkshireenergydoctor.org.uk/,
Yorkshire North & East Methodist District,53.954529,-1.130708,Yorkshire & The Humber,Electric Vehicles; Energy Efficiency; Solar PV,https://communityenergyengland.org/member/yorkshire-north-east-methodist-district/,https://www.yorkshirenemethodist.org/,
Younity,51.516037,-0.139293,East Midlands,Hydro; Solar PV; Wind,https://communityenergyengland.org/member/younity/,https://www.younity.coop/,yes
Zero Carbon Bristol,51.448404,-2.584776,South West,Solar PV,https://communityenergyengland.org/member/zero-carbon-bristol/,http://www.zerocarbonbristol.net/,
Zero Carbon Daviot,57.343135,-2.417639,Scotland,Electric Vehicles; Energy Efficiency; Heat; Hydro; Solar PV; Storage; Wind,https://communityenergyengland.org/member/zero-carbon-daviot/,https://zerocarbondaviot.org/,
Zero Carbon Guildford,51.235539,-0.576294,London,Electric Vehicles; Energy Efficiency; Solar PV,https://communityenergyengland.org/member/zero-carbon-guildford/,https://www.zerocarbonguildford.org/,
Zero Carbon Harrogate,53.984856,-1.551141,Yorkshire & The Humber,Energy Efficiency; Solar PV,https://communityenergyengland.org/member/zero-carbon-harrogate-2/,https://www.zerocarbonharrogate.org.uk/,
Zero Carbon Liverpool City Region Ltd,53.390281,-2.932736,North West,Solar PV,https://communityenergyengland.org/member/zero-carbon-liverpool-city-region-ltd-2/,https://zerocarbonliverpool.org/,
Zero North Wiltshire,51.458846,-2.103592,South West,,https://communityenergyengland.org/member/zero-north-wiltshire/,https://www.zeronorthwiltshire.org/,
